date,city,temp_c,humidity,precip_mm,wind_kph,condition
2024-03-01,Seattle,12.1,66,0,26.7,Rain
2024-03-01,Austin,21,88,15.9,5.6,Rain
2024-03-01,Chicago,4.6,60,17.8,10.1,Rain
2024-03-02,Seattle,10.6,48,0,6.7,Rain
2024-03-02,Austin,20.1,74,0,27.7,Rain
2024-03-02,Chicago,4.9,61,0,14.3,Cloudy
2024-03-03,Seattle,10.6,94,12.4,8.5,Rain
2024-03-03,Austin,24.8,57,3.9,13,Sunny
2024-03-03,Chicago,1.6,40,0.2,9.6,Sunny
2024-03-04,Seattle,9,91,17.2,26.8,Rain
2024-03-04,Austin,21.9,83,0,3.9,Sunny
2024-03-04,Chicago,6.8,45,15.2,23.4,Rain
2024-03-05,Seattle,14,67,0,19.9,Sunny
2024-03-05,Austin,26.9,85,15.7,5.3,Rain
2024-03-05,Chicago,6.4,89,5,24.6,Sunny
2024-03-06,Seattle,12.7,60,5.3,26.2,Rain
2024-03-06,Austin,27,73,16.9,9.7,Rain
2024-03-06,Chicago,2,90,0,4.9,Rain
2024-03-07,Seattle,10.8,75,0,4.6,Cloudy
2024-03-07,Austin,24.7,62,9.7,8.4,Rain
2024-03-07,Chicago,9.7,62,11.9,26,Rain
2024-03-08,Seattle,11.2,81,0,10.2,Rain
2024-03-08,Austin,19.2,70,15.7,27.6,Rain
2024-03-08,Chicago,2,61,0,17.9,Cloudy
2024-03-09,Seattle,10.3,57,5.9,21.9,Rain
2024-03-09,Austin,23,84,0,17.7,Rain
2024-03-09,Chicago,3.5,47,0,8.1,Cloudy
2024-03-10,Seattle,12.5,62,12.4,25.4,Rain
2024-03-10,Austin,18.5,47,11.7,8.5,Rain
2024-03-10,Chicago,2.8,49,0,13,Rain
2024-03-11,Seattle,8.6,88,10.8,14.8,Rain
2024-03-11,Austin,22.2,51,0,26.6,Sunny
2024-03-11,Chicago,4.6,74,15.2,15.7,Rain
2024-03-12,Seattle,12.3,92,0,10,Rain
2024-03-12,Austin,19.6,66,6.8,19.8,Rain
2024-03-12,Chicago,4.9,85,0,25.8,Cloudy
2024-03-13,Seattle,8.8,71,2.9,12.2,Cloudy
2024-03-13,Austin,23.7,87,11.1,15.2,Rain
2024-03-13,Chicago,8,42,7,11.7,Rain
2024-03-14,Seattle,11.4,88,0,16.1,Sunny
2024-03-14,Austin,18.9,67,0,23.3,Sunny
2024-03-14,Chicago,7.8,55,0,14.3,Sunny
2024-03-15,Seattle,6.4,51,7.6,9.8,Rain
2024-03-15,Austin,27.1,41,5.7,7.4,Rain
2024-03-15,Chicago,3,48,0,24,Sunny
2024-03-16,Seattle,10.5,48,0,8.4,Cloudy
2024-03-16,Austin,27.6,85,13.7,8.7,Rain
2024-03-16,Chicago,7,59,12.2,8.7,Rain
2024-03-17,Seattle,15.9,60,12,23,Rain
2024-03-17,Austin,24.1,56,0,22.9,Sunny
2024-03-17,Chicago,3.1,94,10.3,18.6,Rain
2024-03-18,Seattle,14.2,57,12.4,15.7,Rain
2024-03-18,Austin,23.1,54,5.6,5.5,Rain
2024-03-18,Chicago,4,75,17.5,9.3,Rain
2024-03-19,Seattle,11.5,81,0,14.1,Rain
2024-03-19,Austin,24.6,40,0,6.3,Cloudy
2024-03-19,Chicago,3.4,49,3.9,19.2,Sunny
2024-03-20,Seattle,9.8,62,0,25.9,Cloudy
2024-03-20,Austin,26,82,0,17.3,Sunny
2024-03-20,Chicago,6.6,79,4.2,26.3,Sunny
2024-03-21,Seattle,14,57,0,18.1,Sunny
2024-03-21,Austin,18.6,67,8.9,27.8,Rain
2024-03-21,Chicago,3.7,83,8.7,7.9,Rain
2024-03-22,Seattle,13.9,86,11.9,6.7,Rain
2024-03-22,Austin,24.8,92,0,7.3,Sunny
2024-03-22,Chicago,1.1,68,6.8,5,Rain
2024-03-23,Seattle,14.2,56,11.5,7.4,Rain
2024-03-23,Austin,19.1,73,4.9,5,Rain
2024-03-23,Chicago,9.8,45,0,10.2,Sunny
2024-03-24,Seattle,10.2,45,0,17.7,Rain
2024-03-24,Austin,27,60,8.9,27.2,Rain
2024-03-24,Chicago,5.4,80,0,27.6,Cloudy
2024-03-25,Seattle,9,60,0,22.1,Rain
2024-03-25,Austin,26,74,0,19,Sunny
2024-03-25,Chicago,3.3,48,7.3,19.9,Rain
2024-03-26,Seattle,11.2,42,0,6.3,Rain
2024-03-26,Austin,26.9,93,2.7,15.6,Rain
2024-03-26,Chicago,2.8,56,15.8,19.1,Rain
2024-03-27,Seattle,12.2,66,0,10.9,Rain
2024-03-27,Austin,25.4,84,0,3.5,Cloudy
2024-03-27,Chicago,1.9,54,3.4,3.7,Rain
2024-03-28,Seattle,9.7,60,10.3,3,Rain
2024-03-28,Austin,23.4,75,0,9.3,Rain
2024-03-28,Chicago,10.1,49,10.8,5.9,Rain
2024-03-29,Seattle,10.1,58,0.4,7,Cloudy
2024-03-29,Austin,18.3,61,0,8.3,Sunny
2024-03-29,Chicago,10.8,94,17.1,5.3,Rain
2024-03-30,Seattle,7.3,80,4.2,21.3,Rain
2024-03-30,Austin,28,60,10.4,5.5,Rain
2024-03-30,Chicago,1.6,77,0,13.5,Sunny
